People,Date
2,2023-03-09 06:11:30.185015
0,2023-03-16 06:21:28.973640
0,2023-03-16 06:21:41.556878
0,2023-03-16 06:21:54.196347
1,2023-03-16 06:22:06.775556
1,2023-03-16 06:22:19.383808
1,2023-03-16 06:22:32.015461
0,2023-03-16 06:22:44.609530
0,2023-03-16 06:22:57.162978
1,2023-03-16 06:23:09.794755
0,2023-03-16 06:23:22.342774
1,2023-03-16 06:23:31.223675
2,2023-03-16 07:07:36.775173
2,2023-03-16 07:07:49.492970
1,2023-03-16 07:08:02.216482
1,2023-03-16 07:08:14.787981
1,2023-03-16 07:08:27.520900
4,2023-03-16 07:08:40.299807
4,2023-03-16 07:08:53.024738
4,2023-03-16 07:09:05.750740
3,2023-03-16 07:09:18.505840
2,2023-03-16 07:09:31.169507
5,2023-03-16 07:09:43.897081
6,2023-03-16 07:09:56.652142
2,2023-03-16 07:10:09.322170
3,2023-03-16 07:10:22.003273
0,2023-03-16 07:10:27.056136
4,2023-03-16 07:50:31.769121
3,2023-03-16 07:50:44.486015
5,2023-03-16 07:50:57.251931
5,2023-03-16 07:51:10.056092
6,2023-03-16 07:51:22.879071
3,2023-03-16 07:51:35.652277
3,2023-03-16 07:51:48.542067
7,2023-03-16 07:52:01.388335
5,2023-03-16 07:52:14.213693
11,2023-03-16 07:52:27.098016
7,2023-03-16 07:52:29.696222
10,2023-03-16 08:32:32.299191
9,2023-03-16 08:32:45.302776
7,2023-03-16 08:32:58.172268
11,2023-03-16 08:33:11.142471
11,2023-03-16 08:33:24.147314
13,2023-03-16 08:33:37.087788
11,2023-03-16 08:33:50.071549
5,2023-03-16 08:34:02.938592
7,2023-03-16 08:34:15.890855
6,2023-03-16 08:34:28.801434
6,2023-03-16 08:34:31.388511
8,2023-03-16 09:14:30.756402
12,2023-03-16 09:14:43.683474
10,2023-03-16 09:14:56.769436
10,2023-03-16 09:15:09.682632
13,2023-03-16 09:15:22.638489
10,2023-03-16 09:15:35.581761
12,2023-03-16 09:15:48.561613
12,2023-03-16 09:16:01.693014
13,2023-03-16 09:16:14.780480
11,2023-03-16 09:16:27.764862
7,2023-03-16 09:16:29.053515
17,2023-03-16 09:56:33.836704
19,2023-03-16 09:56:46.960999
16,2023-03-16 09:57:00.077026
17,2023-03-16 09:57:13.208855
18,2023-03-16 09:57:26.353982
21,2023-03-16 09:57:39.678913
16,2023-03-16 09:57:52.741113
16,2023-03-16 09:58:05.868912
13,2023-03-16 09:58:18.979032
13,2023-03-16 09:58:31.991681
11,2023-03-16 09:58:34.589780
17,2023-03-16 10:39:31.119228
19,2023-03-16 10:39:44.337910
17,2023-03-16 10:39:57.558316
19,2023-03-16 10:40:10.849468
16,2023-03-16 10:40:24.097643
24,2023-03-16 10:40:37.454054
16,2023-03-16 10:40:50.645217
17,2023-03-16 10:41:03.884428
13,2023-03-16 10:41:17.012290
18,2023-03-16 10:41:30.213101
20,2023-03-16 10:41:34.267909
16,2023-03-16 11:21:31.429260
17,2023-03-16 11:21:44.597552
15,2023-03-16 11:21:57.706460
17,2023-03-16 11:22:10.886457
17,2023-03-16 11:22:24.014986
18,2023-03-16 11:22:37.226568
15,2023-03-16 11:22:50.408439
18,2023-03-16 11:23:03.682575
15,2023-03-16 11:23:16.835420
15,2023-03-16 11:23:30.008600
0,2023-03-16 11:23:30.008600
18,2023-03-16 12:07:34.712318
19,2023-03-16 12:07:48.079830
14,2023-03-16 12:08:01.161877
14,2023-03-16 12:08:14.277742
17,2023-03-16 12:08:27.362776
16,2023-03-16 12:08:40.494755
12,2023-03-16 12:08:53.559771
12,2023-03-16 12:09:06.603415
15,2023-03-16 12:09:19.667729
17,2023-03-16 12:09:32.852559
20,2023-03-16 12:09:46.113634
17,2023-03-16 12:09:59.243045
18,2023-03-16 12:10:12.524615
16,2023-03-16 12:10:25.697786
13,2023-03-16 12:10:31.022469
9,2023-03-16 12:50:30.931804
16,2023-03-16 12:50:43.856065
13,2023-03-16 12:50:56.959870
11,2023-03-16 12:51:09.857704
13,2023-03-16 12:51:22.968846
8,2023-03-16 12:51:35.897784
10,2023-03-16 12:51:48.868172
10,2023-03-16 12:52:01.889831
13,2023-03-16 12:52:14.848987
14,2023-03-16 12:52:27.938729
8,2023-03-16 12:52:29.223042
9,2023-03-16 13:32:36.082904
8,2023-03-16 13:32:49.009353
9,2023-03-16 13:33:01.940294
7,2023-03-16 13:33:14.825176
10,2023-03-16 13:33:27.829899
8,2023-03-16 13:33:40.747921
9,2023-03-16 13:33:53.536218
7,2023-03-16 13:34:06.298324
8,2023-03-16 13:34:19.213923
11,2023-03-16 13:34:32.136724
7,2023-03-16 13:34:34.720435
7,2023-03-16 14:14:30.304882
6,2023-03-16 14:14:43.156691
7,2023-03-16 14:14:55.978255
9,2023-03-16 14:15:08.624132
9,2023-03-16 14:15:21.480491
7,2023-03-16 14:15:34.251276
8,2023-03-16 14:15:47.125591
8,2023-03-16 14:15:59.890389
8,2023-03-16 14:16:12.715446
9,2023-03-16 14:16:25.571396
0,2023-03-16 14:16:25.574487
13,2023-03-16 14:56:31.568614
18,2023-03-16 14:56:44.709827
17,2023-03-16 14:56:57.774694
18,2023-03-16 14:57:11.019521
17,2023-03-16 14:57:24.170844
17,2023-03-16 14:57:37.338672
14,2023-03-16 14:57:50.436902
17,2023-03-16 14:58:03.772565
18,2023-03-16 14:58:16.924455
19,2023-03-16 14:58:30.169180
10,2023-03-16 14:58:32.749886
12,2023-03-16 15:38:31.585763
13,2023-03-16 15:38:44.586636
15,2023-03-16 15:38:57.695581
14,2023-03-16 15:39:10.755986
13,2023-03-16 15:39:23.832810
9,2023-03-16 15:39:36.773575
15,2023-03-16 15:39:49.932598
12,2023-03-16 15:40:02.989956
13,2023-03-16 15:40:15.952704
15,2023-03-16 15:40:28.999887
0,2023-03-16 15:40:29.001786
18,2023-03-16 16:20:31.026985
15,2023-03-16 16:20:44.132078
17,2023-03-16 16:20:57.326087
14,2023-03-16 16:21:10.427756
17,2023-03-16 16:21:23.573953
21,2023-03-16 16:21:36.981374
18,2023-03-16 16:21:50.138020
18,2023-03-16 16:22:03.387999
21,2023-03-16 16:22:16.687595
17,2023-03-16 16:22:29.834041
11,2023-03-16 16:22:32.490204
22,2023-03-16 17:08:42.814955
19,2023-03-16 17:08:56.611110
16,2023-03-16 17:09:10.232399
18,2023-03-16 17:09:23.817702
17,2023-03-16 17:09:37.453242
18,2023-03-16 17:09:51.229628
19,2023-03-16 17:10:05.135063
19,2023-03-16 17:10:18.880403
18,2023-03-16 17:10:32.799003
23,2023-03-16 17:10:46.568498
21,2023-03-16 17:11:00.361396
18,2023-03-16 17:11:14.006020
24,2023-03-16 17:11:27.849877
24,2023-03-16 17:11:41.656146
22,2023-03-16 17:11:55.480405
21,2023-03-16 17:12:09.415135
21,2023-03-16 17:12:17.656513
20,2023-03-16 17:53:05.397025
19,2023-03-16 17:53:46.515743
20,2023-03-16 17:54:28.098862
18,2023-03-16 17:55:08.851257
23,2023-03-16 17:55:50.017299
19,2023-03-16 17:56:30.856534
19,2023-03-16 17:57:12.242650
17,2023-03-16 17:57:52.970716
20,2023-03-16 17:58:34.328462
20,2023-03-16 17:59:15.001756
16,2023-03-16 17:59:31.291819
1,2023-03-17 06:10:30.096048
1,2023-03-17 06:10:42.784675
1,2023-03-17 06:10:55.506070
4,2023-03-17 06:11:08.173682
0,2023-03-17 06:11:20.762443
0,2023-03-17 06:11:33.465187
0,2023-03-17 06:11:46.111562
1,2023-03-17 06:11:58.694849
1,2023-03-17 06:12:11.418914
0,2023-03-17 06:12:24.014024
1,2023-03-17 06:12:29.108885
1,2023-03-17 06:52:30.330883
3,2023-03-17 06:52:43.022122
1,2023-03-17 06:52:55.787985
1,2023-03-17 06:53:08.549835
0,2023-03-17 06:53:21.209554
0,2023-03-17 06:53:33.898935
0,2023-03-17 06:53:46.671854
0,2023-03-17 06:53:59.375200
1,2023-03-17 06:54:12.121176
1,2023-03-17 06:54:24.886085
0,2023-03-17 06:54:26.117017
4,2023-03-17 07:34:29.418104
2,2023-03-17 07:34:42.214370
5,2023-03-17 07:34:55.085129
3,2023-03-17 07:35:07.932149
6,2023-03-17 07:35:20.836541
12,2023-03-17 07:35:33.877387
9,2023-03-17 07:35:46.762421
3,2023-03-17 07:35:59.655450
4,2023-03-17 07:36:12.503148
2,2023-03-17 07:36:25.269310
0,2023-03-17 07:36:27.884197
8,2023-03-17 08:16:30.782761
7,2023-03-17 08:16:43.749689
8,2023-03-17 08:16:56.655428
4,2023-03-17 08:17:09.506602
3,2023-03-17 08:17:22.392801
8,2023-03-17 08:17:35.329658
7,2023-03-17 08:17:48.389640
8,2023-03-17 08:18:01.483384
6,2023-03-17 08:18:14.456782
7,2023-03-17 08:18:27.484440
7,2023-03-17 08:18:30.002673
7,2023-03-17 08:58:32.178714
10,2023-03-17 08:58:45.219804
13,2023-03-17 08:58:58.360020
14,2023-03-17 08:59:11.515779
14,2023-03-17 08:59:24.591530
11,2023-03-17 08:59:37.698025
10,2023-03-17 08:59:50.807793
9,2023-03-17 09:00:03.930044
9,2023-03-17 09:00:16.845084
13,2023-03-17 09:00:30.045970
10,2023-03-17 09:00:32.653909
20,2023-03-17 09:40:28.208103
11,2023-03-17 09:40:41.310958
15,2023-03-17 09:40:54.435913
14,2023-03-17 09:41:07.639255
15,2023-03-17 09:41:20.749204
13,2023-03-17 09:41:33.880065
15,2023-03-17 09:41:47.004975
16,2023-03-17 09:42:00.364173
16,2023-03-17 09:42:13.496267
19,2023-03-17 09:42:26.752109
0,2023-03-17 09:42:26.753456
15,2023-03-17 10:17:53.563057
13,2023-03-17 10:18:06.677211
15,2023-03-17 10:18:19.914589
18,2023-03-17 10:18:33.219356
17,2023-03-17 10:18:45.080384
16,2023-03-17 10:59:31.969878
18,2023-03-17 10:59:45.143301
16,2023-03-17 10:59:58.544954
18,2023-03-17 11:00:11.900006
18,2023-03-17 11:00:25.168523
18,2023-03-17 11:00:38.608608
17,2023-03-17 11:00:51.873596
21,2023-03-17 11:01:05.246681
18,2023-03-17 11:01:18.568748
19,2023-03-17 11:01:31.833289
19,2023-03-17 11:01:45.070023
0,2023-03-17 11:01:45.070929
15,2023-03-17 11:42:34.383530
20,2023-03-17 11:42:47.726664
16,2023-03-17 11:43:01.003735
16,2023-03-17 11:43:14.151091
16,2023-03-17 11:43:27.433664
14,2023-03-17 11:43:40.718668
18,2023-03-17 11:43:54.054866
16,2023-03-17 11:44:07.327852
18,2023-03-17 11:44:20.756663
17,2023-03-17 11:44:34.017498
21,2023-03-17 11:44:46.085436
12,2023-03-17 12:25:31.693892
15,2023-03-17 12:25:44.857895
12,2023-03-17 12:25:57.991025
10,2023-03-17 12:26:11.060812
15,2023-03-17 12:26:24.209200
14,2023-03-17 12:26:37.424328
16,2023-03-17 12:26:50.619849
14,2023-03-17 12:27:03.786847
13,2023-03-17 12:27:17.047079
16,2023-03-17 12:27:30.282824
15,2023-03-17 12:27:42.164073
8,2023-03-17 13:03:24.686865
8,2023-03-17 13:03:37.630176
8,2023-03-17 13:03:50.685462
14,2023-03-17 13:04:03.824145
11,2023-03-17 13:04:16.824272
5,2023-03-17 13:04:24.598972
10,2023-03-17 13:44:32.427299
7,2023-03-17 13:44:45.340587
12,2023-03-17 13:44:58.490450
12,2023-03-17 13:45:11.521248
11,2023-03-17 13:45:24.544594
10,2023-03-17 13:45:37.517409
9,2023-03-17 13:45:50.540724
11,2023-03-17 13:46:03.525597
11,2023-03-17 13:46:16.564644
13,2023-03-17 13:46:29.678365
11,2023-03-17 13:46:32.282351
15,2023-03-17 14:26:29.694499
14,2023-03-17 14:26:42.862040
13,2023-03-17 14:26:55.936728
18,2023-03-17 14:27:09.011559
14,2023-03-17 14:27:22.141697
17,2023-03-17 14:27:35.362011
17,2023-03-17 14:27:48.542798
16,2023-03-17 14:28:01.929465
14,2023-03-17 14:28:14.982898
17,2023-03-17 14:28:28.151607
0,2023-03-17 14:28:28.152608
12,2023-03-17 15:02:19.649090
20,2023-03-17 15:02:33.066852
17,2023-03-17 15:02:46.345775
18,2023-03-17 15:02:54.250956
13,2023-03-17 15:43:32.868049
17,2023-03-17 15:43:46.029883
15,2023-03-17 15:43:59.294089
15,2023-03-17 15:44:12.547777
20,2023-03-17 15:44:25.861516
18,2023-03-17 15:44:39.238005
19,2023-03-17 15:44:52.662573
17,2023-03-17 15:45:05.876620
11,2023-03-17 15:45:18.889538
11,2023-03-17 15:45:31.971478
9,2023-03-17 15:45:41.119890
19,2023-03-17 16:25:31.036731
19,2023-03-17 16:25:44.372687
17,2023-03-17 16:25:57.624304
20,2023-03-17 16:26:10.915356
19,2023-03-17 16:26:24.186939
18,2023-03-17 16:26:37.498649
21,2023-03-17 16:26:50.853646
22,2023-03-17 16:27:04.211055
18,2023-03-17 16:27:17.482140
22,2023-03-17 16:27:30.836850
0,2023-03-17 16:27:30.837852
21,2023-03-17 17:03:22.289627
18,2023-03-17 17:03:35.674858
21,2023-03-17 17:03:48.923623
22,2023-03-17 17:04:02.391161
20,2023-03-17 17:04:15.741190
21,2023-03-17 17:04:26.394134
29,2023-03-17 17:45:02.244256
26,2023-03-17 17:45:37.510628
24,2023-03-17 17:46:17.367439
32,2023-03-17 17:47:00.902974
21,2023-03-17 17:47:42.653012
19,2023-03-17 17:48:26.380100
24,2023-03-17 17:49:07.964592
28,2023-03-17 17:49:49.859347
24,2023-03-17 17:50:16.074451
28,2023-03-17 17:50:29.927152
21,2023-03-17 17:50:32.702557
11,2023-03-18 09:10:33.206508
14,2023-03-18 09:10:47.102786
9,2023-03-18 09:11:00.526093
7,2023-03-18 09:11:13.793094
14,2023-03-18 09:11:27.036338
9,2023-03-18 09:11:40.166661
10,2023-03-18 09:11:53.314668
12,2023-03-18 09:12:06.546167
13,2023-03-18 09:12:20.181716
12,2023-03-18 09:12:33.588922
8,2023-03-18 09:12:35.049302
17,2023-03-18 09:52:34.626436
16,2023-03-18 09:52:48.490827
19,2023-03-18 09:53:02.528208
21,2023-03-18 09:53:16.056290
18,2023-03-18 09:53:29.741580
18,2023-03-18 09:53:44.378556
16,2023-03-18 09:53:58.842734
16,2023-03-18 09:54:13.253959
15,2023-03-18 09:54:27.133317
15,2023-03-18 09:54:41.232743
0,2023-03-18 09:54:41.232743
16,2023-03-18 10:34:31.595716
19,2023-03-18 10:34:45.603983
15,2023-03-18 10:34:59.521194
17,2023-03-18 10:35:13.353807
20,2023-03-18 10:35:27.208065
18,2023-03-18 10:35:41.256867
19,2023-03-18 10:35:55.190926
19,2023-03-18 10:36:09.140658
18,2023-03-18 10:36:23.236808
24,2023-03-18 10:36:37.395130
0,2023-03-18 10:36:37.396633
22,2023-03-18 11:16:32.982569
22,2023-03-18 11:16:46.484881
19,2023-03-18 11:16:59.972416
22,2023-03-18 11:17:13.518449
20,2023-03-18 11:17:26.999079
26,2023-03-18 11:17:40.595382
18,2023-03-18 11:17:54.035627
22,2023-03-18 11:18:07.625601
22,2023-03-18 11:18:21.150131
19,2023-03-18 11:18:34.550659
0,2023-03-18 11:18:34.550659
17,2023-03-18 11:58:36.803272
15,2023-03-18 11:58:52.633186
22,2023-03-18 11:59:08.413618
20,2023-03-18 11:59:24.190028
19,2023-03-18 11:59:40.094393
20,2023-03-18 11:59:55.873698
21,2023-03-18 12:00:12.076912
17,2023-03-18 12:00:27.947628
20,2023-03-18 12:00:43.456331
20,2023-03-18 12:00:58.320314
0,2023-03-18 12:00:58.321314
13,2023-03-18 12:41:41.175885
16,2023-03-18 12:41:56.741825
18,2023-03-18 12:42:12.290417
20,2023-03-18 12:42:27.916295
16,2023-03-18 12:42:42.964615
18,2023-03-18 12:42:58.452138
18,2023-03-18 12:43:14.228792
23,2023-03-18 12:43:30.103452
22,2023-03-18 12:43:46.295600
15,2023-03-18 12:44:03.292267
19,2023-03-18 12:44:14.829475
15,2023-03-18 13:24:38.846436
14,2023-03-18 13:24:54.629520
13,2023-03-18 13:25:10.069870
14,2023-03-18 13:25:25.670586
13,2023-03-18 13:25:41.147734
16,2023-03-18 13:25:56.673875
15,2023-03-18 13:26:11.983946
14,2023-03-18 13:26:26.844682
17,2023-03-18 13:26:42.321222
16,2023-03-18 13:26:57.540965
15,2023-03-18 13:27:02.284666
12,2023-03-18 14:03:32.829123
13,2023-03-18 14:03:48.379739
14,2023-03-18 14:04:03.869369
11,2023-03-18 14:04:19.311824
15,2023-03-18 14:04:35.201137
12,2023-03-18 14:04:51.068278
13,2023-03-18 14:04:55.859976
23,2023-03-18 14:45:41.163266
16,2023-03-18 14:45:56.939076
18,2023-03-18 14:46:12.408675
14,2023-03-18 14:46:28.324280
17,2023-03-18 14:46:44.118034
21,2023-03-18 14:46:59.795281
18,2023-03-18 14:47:15.480087
17,2023-03-18 14:47:31.051789
17,2023-03-18 14:47:46.743710
19,2023-03-18 14:48:02.828959
21,2023-03-18 14:48:13.984721
16,2023-03-18 15:28:40.030672
19,2023-03-18 15:28:55.675039
20,2023-03-18 15:29:11.006596
24,2023-03-18 15:29:26.634511
22,2023-03-18 15:29:42.292169
17,2023-03-18 15:29:57.614263
21,2023-03-18 15:30:13.325998
20,2023-03-18 15:30:28.985206
19,2023-03-18 15:30:44.675557
17,2023-03-18 15:31:00.281350
15,2023-03-18 15:31:06.672946
23,2023-03-18 17:25:34.441066
19,2023-03-18 17:25:48.539899
19,2023-03-18 17:26:02.787892
20,2023-03-18 17:26:16.844834
20,2023-03-18 17:26:31.161962
23,2023-03-18 17:26:45.235823
21,2023-03-18 17:26:59.531815
23,2023-03-18 17:27:13.574761
27,2023-03-18 17:27:28.099206
23,2023-03-18 17:27:41.903636
25,2023-03-18 17:27:56.099161
0,2023-03-18 17:27:56.099161
8,2023-03-19 09:01:22.168615
3,2023-03-19 09:01:28.967191
7,2023-03-19 09:12:30.658461
11,2023-03-19 09:12:44.241201
6,2023-03-19 09:12:57.726561
6,2023-03-19 09:13:11.128902
6,2023-03-19 09:13:24.526780
5,2023-03-19 09:13:37.868747
10,2023-03-19 09:13:51.478361
9,2023-03-19 09:14:04.967553
7,2023-03-19 09:14:18.425369
7,2023-03-19 09:14:31.865057
11,2023-03-19 09:14:35.978126
11,2023-03-19 09:54:36.812574
13,2023-03-19 09:54:51.844888
14,2023-03-19 09:55:06.543879
11,2023-03-19 09:55:21.646916
9,2023-03-19 09:55:36.726411
14,2023-03-19 09:55:51.492322
12,2023-03-19 09:56:06.656140
13,2023-03-19 09:56:22.023541
13,2023-03-19 09:56:37.257705
12,2023-03-19 09:56:52.305333
0,2023-03-19 09:56:52.306333
22,2023-03-19 10:37:36.286874
19,2023-03-19 10:37:51.375689
27,2023-03-19 10:38:06.586050
25,2023-03-19 10:38:21.690930
24,2023-03-19 10:38:36.755694
23,2023-03-19 10:38:51.739201
15,2023-03-19 10:39:06.538816
13,2023-03-19 10:39:21.230513
18,2023-03-19 10:39:36.003598
23,2023-03-19 10:39:50.962523
22,2023-03-19 10:40:01.481473
18,2023-03-19 11:20:34.692582
24,2023-03-19 11:20:48.589336
21,2023-03-19 11:21:02.478256
26,2023-03-19 11:21:16.490481
15,2023-03-19 11:21:30.222077
26,2023-03-19 11:21:44.258950
21,2023-03-19 11:21:58.127004
21,2023-03-19 11:22:12.131667
21,2023-03-19 11:22:26.027708
18,2023-03-19 11:22:39.855082
21,2023-03-19 11:22:48.266297
15,2023-03-19 12:07:39.260885
18,2023-03-19 12:07:53.142575
19,2023-03-19 12:08:06.966206
19,2023-03-19 12:08:20.810886
22,2023-03-19 12:08:34.686482
15,2023-03-19 12:08:48.432312
17,2023-03-19 12:09:02.285670
16,2023-03-19 12:09:16.122221
14,2023-03-19 12:09:29.836520
15,2023-03-19 12:09:43.686618
17,2023-03-19 12:09:57.410714
15,2023-03-19 12:10:11.105521
14,2023-03-19 12:10:24.832805
19,2023-03-19 12:10:38.759827
19,2023-03-19 12:10:52.631617
11,2023-03-19 12:10:55.348000
13,2023-03-19 12:51:34.010135
12,2023-03-19 12:51:48.124694
15,2023-03-19 12:52:02.329057
14,2023-03-19 12:52:16.340579
14,2023-03-19 12:52:30.659199
14,2023-03-19 12:52:44.867924
9,2023-03-19 12:52:59.091059
11,2023-03-19 12:53:13.243398
15,2023-03-19 12:53:27.524232
13,2023-03-19 12:53:41.561656
14,2023-03-19 12:53:51.346603
15,2023-03-19 13:35:06.414098
12,2023-03-19 13:35:48.823662
7,2023-03-19 13:36:31.969237
7,2023-03-19 13:37:15.256430
11,2023-03-19 13:37:58.474361
7,2023-03-19 13:38:41.140759
10,2023-03-19 13:39:23.999623
10,2023-03-19 13:40:07.654434
9,2023-03-19 13:40:50.534745
12,2023-03-19 13:41:33.085556
7,2023-03-19 13:42:10.775502
17,2023-03-19 14:22:41.415259
17,2023-03-19 14:22:57.053860
17,2023-03-19 14:23:12.417195
16,2023-03-19 14:23:27.794190
15,2023-03-19 14:23:43.016594
15,2023-03-19 14:23:58.303328
18,2023-03-19 14:24:13.872094
16,2023-03-19 14:24:29.405438
21,2023-03-19 14:24:45.209422
22,2023-03-19 14:25:00.297752
10,2023-03-19 14:25:07.649203
21,2023-03-19 15:05:28.876560
20,2023-03-19 15:05:42.312567
17,2023-03-19 15:05:55.647087
19,2023-03-19 15:06:09.066110
22,2023-03-19 15:06:22.838503
22,2023-03-19 15:06:36.296576
17,2023-03-19 15:06:49.785434
17,2023-03-19 15:07:03.293886
17,2023-03-19 15:07:16.729691
21,2023-03-19 15:07:30.332475
22,2023-03-19 15:07:38.528736
23,2023-03-19 15:48:04.526247
22,2023-03-19 15:48:48.840106
22,2023-03-19 15:49:33.445368
22,2023-03-19 15:50:17.042708
23,2023-03-19 15:51:01.037104
21,2023-03-19 15:51:45.434005
24,2023-03-19 15:52:29.353949
22,2023-03-19 15:53:13.730245
24,2023-03-19 15:53:57.850414
22,2023-03-19 15:54:41.317337
0,2023-03-19 15:54:41.320339
19,2023-03-19 16:34:59.815867
22,2023-03-19 16:35:38.401227
19,2023-03-19 16:36:16.574368
19,2023-03-19 16:36:54.372533
22,2023-03-19 16:37:32.269505
21,2023-03-19 16:38:10.018907
21,2023-03-19 16:38:47.851298
19,2023-03-19 16:39:25.799012
22,2023-03-19 16:40:03.707915
26,2023-03-19 16:40:37.984752
23,2023-03-19 17:21:00.531479
19,2023-03-19 17:21:41.273581
21,2023-03-19 17:22:21.271707
27,2023-03-19 17:23:02.807092
18,2023-03-19 17:23:35.857464
18,2023-03-19 17:23:49.145010
24,2023-03-19 17:24:02.638415
23,2023-03-19 17:24:16.095085
27,2023-03-19 17:24:29.592384
20,2023-03-19 17:24:43.043333
0,2023-03-19 17:24:43.043333
20,2023-03-19 18:09:40.977591
27,2023-03-19 18:09:54.357686
26,2023-03-19 18:10:07.790290
20,2023-03-19 18:10:21.168974
23,2023-03-19 18:10:34.617201
23,2023-03-19 18:10:48.024424
20,2023-03-19 18:11:01.252422
22,2023-03-19 18:11:14.710136
23,2023-03-19 18:11:28.074957
23,2023-03-19 18:11:41.458006
25,2023-03-19 18:11:54.803358
24,2023-03-19 18:12:08.270038
25,2023-03-19 18:12:21.817667
25,2023-03-19 18:12:35.302427
27,2023-03-19 18:12:48.814369
26,2023-03-19 18:13:02.315171
21,2023-03-19 18:13:15.725663
23,2023-03-19 18:13:29.205052
18,2023-03-19 18:13:39.843759
0,2023-03-20 06:11:31.135214
0,2023-03-20 06:11:43.970740
1,2023-03-20 06:11:56.862210
1,2023-03-20 06:12:09.794846
0,2023-03-20 06:12:22.687283
0,2023-03-20 06:12:35.622993
0,2023-03-20 06:12:48.505907
2,2023-03-20 06:13:01.405158
1,2023-03-20 06:13:14.306708
1,2023-03-20 06:13:27.295115
0,2023-03-20 06:13:34.994271
3,2023-03-20 06:53:30.995682
4,2023-03-20 06:53:43.954241
4,2023-03-20 06:53:56.933510
1,2023-03-20 06:54:09.914671
1,2023-03-20 06:54:22.884389
1,2023-03-20 06:54:35.858701
1,2023-03-20 06:54:48.830171
1,2023-03-20 06:55:01.752167
2,2023-03-20 06:55:14.759772
2,2023-03-20 06:55:27.749472
0,2023-03-20 06:55:27.750472
2,2023-03-20 07:35:31.363661
4,2023-03-20 07:35:44.325570
8,2023-03-20 07:35:57.342283
7,2023-03-20 07:36:10.419412
2,2023-03-20 07:36:23.310900
3,2023-03-20 07:36:36.333650
2,2023-03-20 07:36:49.295907
3,2023-03-20 07:37:02.193419
6,2023-03-20 07:37:15.170764
3,2023-03-20 07:37:28.192348
1,2023-03-20 07:37:30.804959
2,2023-03-20 08:17:29.678587
4,2023-03-20 08:17:42.642939
5,2023-03-20 08:17:55.578361
6,2023-03-20 08:18:08.690017
3,2023-03-20 08:18:21.627131
6,2023-03-20 08:18:34.545507
7,2023-03-20 08:18:47.539133
6,2023-03-20 08:19:00.607154
13,2023-03-20 08:19:13.916505
11,2023-03-20 08:19:26.950912
8,2023-03-20 08:19:28.242426
9,2023-03-20 08:59:28.317924
9,2023-03-20 08:59:41.451011
13,2023-03-20 08:59:54.798978
14,2023-03-20 09:00:08.152483
9,2023-03-20 09:00:21.364870
11,2023-03-20 09:00:34.487597
9,2023-03-20 09:00:47.602946
13,2023-03-20 09:01:00.963559
11,2023-03-20 09:01:14.196156
11,2023-03-20 09:01:27.398378
9,2023-03-20 09:01:30.075272
10,2023-03-20 09:41:33.135798
10,2023-03-20 09:41:46.399085
11,2023-03-20 09:41:59.717728
11,2023-03-20 09:42:12.995344
10,2023-03-20 09:42:26.393715
10,2023-03-20 09:42:39.670177
13,2023-03-20 09:42:52.931781
20,2023-03-20 09:43:06.363511
18,2023-03-20 09:43:19.760721
11,2023-03-20 09:43:33.047961
12,2023-03-20 09:43:35.731833
20,2023-03-20 10:23:31.688080
19,2023-03-20 10:23:45.195572
18,2023-03-20 10:23:58.576816
16,2023-03-20 10:24:12.018540
15,2023-03-20 10:24:25.380488
14,2023-03-20 10:24:38.797871
18,2023-03-20 10:24:52.202896
18,2023-03-20 10:25:05.625325
24,2023-03-20 10:25:19.140755
17,2023-03-20 10:25:32.599050
0,2023-03-20 10:25:32.600557
18,2023-03-20 11:05:32.019364
22,2023-03-20 11:05:45.495978
19,2023-03-20 11:05:58.911970
15,2023-03-20 11:06:12.318789
17,2023-03-20 11:06:25.703197
19,2023-03-20 11:06:39.130785
16,2023-03-20 11:06:52.561073
18,2023-03-20 11:07:06.046491
17,2023-03-20 11:07:19.483210
21,2023-03-20 11:07:32.823302
10,2023-03-20 11:07:34.136309
21,2023-03-20 11:47:31.135865
18,2023-03-20 11:47:44.590555
17,2023-03-20 11:47:57.927934
19,2023-03-20 11:48:11.456726
14,2023-03-20 11:48:24.780508
13,2023-03-20 11:48:38.095612
15,2023-03-20 11:48:51.461868
20,2023-03-20 11:49:04.883453
17,2023-03-20 11:49:18.221185
13,2023-03-20 11:49:31.512598
0,2023-03-20 11:49:31.513598
12,2023-03-20 12:29:31.499228
18,2023-03-20 12:29:44.870148
6,2023-03-20 12:29:58.028257
12,2023-03-20 12:30:11.172225
13,2023-03-20 12:30:24.380365
12,2023-03-20 12:30:37.679413
13,2023-03-20 12:30:50.873405
15,2023-03-20 12:31:04.133604
15,2023-03-20 12:31:17.410648
11,2023-03-20 12:31:30.727010
6,2023-03-20 12:31:32.029479
11,2023-03-20 13:11:31.326951
9,2023-03-20 13:11:44.471079
10,2023-03-20 13:11:57.674440
16,2023-03-20 13:12:10.865026
12,2023-03-20 13:12:24.059309
10,2023-03-20 13:12:37.274910
9,2023-03-20 13:12:50.419738
9,2023-03-20 13:13:03.543122
11,2023-03-20 13:13:16.788832
9,2023-03-20 13:13:29.869626
6,2023-03-20 13:13:31.216895
6,2023-03-20 13:53:28.007851
14,2023-03-20 13:53:41.125373
13,2023-03-20 13:53:54.286967
13,2023-03-20 13:54:07.568834
16,2023-03-20 13:54:20.936318
13,2023-03-20 13:54:34.125175
12,2023-03-20 13:54:47.285145
13,2023-03-20 13:55:00.515810
12,2023-03-20 13:55:13.689304
13,2023-03-20 13:55:26.816833
8,2023-03-20 13:55:28.099957
9,2023-03-20 14:35:28.169837
15,2023-03-20 14:35:41.389997
11,2023-03-20 14:35:54.494604
6,2023-03-20 14:36:07.434982
12,2023-03-20 14:36:20.548005
8,2023-03-20 14:36:33.633852
8,2023-03-20 14:36:46.640883
12,2023-03-20 14:36:59.791782
11,2023-03-20 14:37:13.003728
16,2023-03-20 14:37:26.250554
12,2023-03-20 14:37:27.559404
15,2023-03-20 15:17:30.002261
11,2023-03-20 15:17:43.155051
14,2023-03-20 15:17:56.348699
14,2023-03-20 15:18:09.584220
15,2023-03-20 15:18:22.694612
14,2023-03-20 15:18:35.924676
16,2023-03-20 15:18:49.220858
19,2023-03-20 15:19:02.561322
16,2023-03-20 15:19:15.867444
12,2023-03-20 15:19:29.151323
9,2023-03-20 15:19:30.446946
12,2023-03-20 15:59:29.728225
16,2023-03-20 15:59:42.975759
20,2023-03-20 15:59:56.295649
20,2023-03-20 16:00:09.568079
16,2023-03-20 16:00:22.747418
17,2023-03-20 16:00:35.979386
14,2023-03-20 16:00:49.149261
16,2023-03-20 16:01:02.363009
18,2023-03-20 16:01:15.531844
13,2023-03-20 16:01:28.612761
8,2023-03-20 16:01:29.898056
23,2023-03-20 16:41:29.155043
22,2023-03-20 16:41:42.470725
16,2023-03-20 16:41:55.745061
14,2023-03-20 16:42:08.925372
19,2023-03-20 16:42:22.215153
20,2023-03-20 16:42:35.565174
15,2023-03-20 16:42:48.812851
17,2023-03-20 16:43:02.013443
17,2023-03-20 16:43:15.221344
20,2023-03-20 16:43:28.506767
12,2023-03-20 16:43:29.837694
28,2023-03-20 17:23:38.133128
20,2023-03-20 17:23:54.632866
24,2023-03-20 17:24:11.166443
17,2023-03-20 17:24:27.565617
17,2023-03-20 17:24:44.141983
16,2023-03-20 17:25:00.594631
22,2023-03-20 17:25:17.108673
25,2023-03-20 17:25:33.752426
19,2023-03-20 17:25:50.499325
19,2023-03-20 17:26:07.067897
15,2023-03-20 17:26:08.715384
3,2023-03-21 06:10:31.392383
0,2023-03-21 06:10:44.039169
1,2023-03-21 06:10:56.845423
1,2023-03-21 06:11:09.601473
1,2023-03-21 06:11:22.353420
0,2023-03-21 06:11:35.174024
3,2023-03-21 06:11:47.958152
3,2023-03-21 06:12:00.766937
0,2023-03-21 06:12:13.594398
1,2023-03-21 06:12:26.293288
0,2023-03-21 06:12:27.546530
2,2023-03-21 06:52:28.996007
2,2023-03-21 06:52:41.913481
0,2023-03-21 06:52:54.877480
1,2023-03-21 06:53:07.613695
3,2023-03-21 06:53:20.555656
1,2023-03-21 06:53:33.485937
1,2023-03-21 06:53:46.294116
2,2023-03-21 06:53:59.220628
3,2023-03-21 06:54:12.230979
4,2023-03-21 06:54:25.227910
2,2023-03-21 06:54:26.530947
4,2023-03-21 07:34:30.925170
3,2023-03-21 07:34:43.806881
3,2023-03-21 07:34:56.809204
4,2023-03-21 07:35:09.849665
3,2023-03-21 07:35:22.858294
7,2023-03-21 07:35:35.891032
5,2023-03-21 07:35:48.910607
4,2023-03-21 07:36:01.847037
8,2023-03-21 07:36:14.977936
4,2023-03-21 07:36:27.947103
2,2023-03-21 07:36:30.462142
6,2023-03-21 08:16:29.082630
2,2023-03-21 08:16:41.892623
7,2023-03-21 08:16:54.910964
5,2023-03-21 08:17:07.920771
4,2023-03-21 08:17:20.763415
6,2023-03-21 08:17:33.711291
4,2023-03-21 08:17:46.564817
7,2023-03-21 08:17:59.475841
12,2023-03-21 08:18:12.488032
13,2023-03-21 08:18:25.491385
7,2023-03-21 08:18:26.771514
8,2023-03-21 08:58:29.382205
9,2023-03-21 08:58:42.438311
12,2023-03-21 08:58:55.509421
12,2023-03-21 08:59:08.663131
9,2023-03-21 08:59:21.760031
12,2023-03-21 08:59:34.864195
15,2023-03-21 08:59:48.106524
14,2023-03-21 09:00:01.439290
17,2023-03-21 09:00:14.852184
16,2023-03-21 09:00:28.113495
14,2023-03-21 09:00:30.806657
12,2023-03-21 09:40:30.914516
13,2023-03-21 09:40:44.154531
8,2023-03-21 09:40:57.178803
16,2023-03-21 09:41:10.341725
9,2023-03-21 09:41:23.385453
15,2023-03-21 09:41:36.608605
16,2023-03-21 09:41:49.908355
19,2023-03-21 09:42:03.398953
17,2023-03-21 09:42:16.736560
16,2023-03-21 09:42:30.036598
14,2023-03-21 09:42:31.390788
14,2023-03-21 10:22:29.541339
13,2023-03-21 10:22:42.706192
16,2023-03-21 10:22:56.000810
16,2023-03-21 10:23:09.216789
17,2023-03-21 10:23:22.464775
19,2023-03-21 10:23:35.760806
15,2023-03-21 10:23:48.972995
15,2023-03-21 10:24:02.239186
21,2023-03-21 10:24:15.538226
16,2023-03-21 10:24:28.784867
0,2023-03-21 10:24:28.786382
17,2023-03-21 11:06:34.009550
14,2023-03-21 11:06:47.152228
16,2023-03-21 11:07:00.341783
12,2023-03-21 11:07:13.372433
18,2023-03-21 11:07:26.548927
15,2023-03-21 11:07:39.646535
14,2023-03-21 11:07:52.702823
14,2023-03-21 11:08:05.790655
15,2023-03-21 11:08:18.872728
18,2023-03-21 11:08:32.031642
15,2023-03-21 11:08:45.176750
18,2023-03-21 11:08:58.396366
15,2023-03-21 11:09:02.317528
23,2023-03-21 11:49:30.290168
17,2023-03-21 11:49:43.514011
22,2023-03-21 11:49:56.789400
13,2023-03-21 11:50:09.877853
15,2023-03-21 11:50:22.999167
16,2023-03-21 11:50:36.214866
16,2023-03-21 11:50:49.380074
18,2023-03-21 11:51:02.623249
15,2023-03-21 11:51:15.779235
15,2023-03-21 11:51:28.960782
17,2023-03-21 11:51:36.908931
9,2023-03-21 12:31:29.484193
11,2023-03-21 12:31:42.519465
10,2023-03-21 12:31:55.507745
21,2023-03-21 12:32:08.699492
16,2023-03-21 12:32:21.829591
14,2023-03-21 12:32:34.983210
15,2023-03-21 12:32:48.082604
16,2023-03-21 12:33:01.140841
17,2023-03-21 12:33:14.316115
16,2023-03-21 12:33:27.499301
0,2023-03-21 12:33:27.502338
13,2023-03-21 13:13:30.870773
12,2023-03-21 13:13:43.782718
14,2023-03-21 13:13:56.732754
15,2023-03-21 13:14:09.703031
12,2023-03-21 13:14:22.675091
14,2023-03-21 13:14:35.652911
9,2023-03-21 13:14:48.550684
12,2023-03-21 13:15:01.518117
10,2023-03-21 13:15:14.456978
12,2023-03-21 13:15:27.367698
11,2023-03-21 13:15:29.955110
13,2023-03-21 13:55:30.959775
15,2023-03-21 13:55:43.977998
19,2023-03-21 13:55:57.022509
15,2023-03-21 13:56:09.919574
14,2023-03-21 13:56:22.887521
10,2023-03-21 13:56:35.742280
12,2023-03-21 13:56:48.530408
11,2023-03-21 13:57:01.399919
12,2023-03-21 13:57:14.337230
12,2023-03-21 13:57:27.103046
13,2023-03-21 13:57:28.399479
15,2023-03-21 14:37:30.066910
13,2023-03-21 14:37:42.935799
14,2023-03-21 14:37:55.740945
15,2023-03-21 14:38:08.699464
16,2023-03-21 14:38:21.654470
13,2023-03-21 14:38:34.477660
17,2023-03-21 14:38:47.455284
14,2023-03-21 14:39:00.383983
18,2023-03-21 14:39:13.323650
14,2023-03-21 14:39:26.223890
14,2023-03-21 14:39:28.829603
20,2023-03-21 15:19:29.969822
21,2023-03-21 15:19:43.067700
19,2023-03-21 15:19:56.158542
21,2023-03-21 15:20:09.324728
16,2023-03-21 15:20:22.301514
14,2023-03-21 15:20:35.352587
19,2023-03-21 15:20:48.494718
16,2023-03-21 15:21:01.594000
19,2023-03-21 15:21:14.702456
15,2023-03-21 15:21:27.708952
13,2023-03-21 15:21:29.005538
21,2023-03-21 16:00:57.820494
25,2023-03-21 16:01:11.077247
20,2023-03-21 16:01:24.275263
23,2023-03-21 16:01:37.528713
21,2023-03-21 16:01:50.834360
22,2023-03-21 16:02:04.110672
23,2023-03-21 16:02:17.305978
25,2023-03-21 16:02:30.496223
21,2023-03-21 16:02:43.807165
14,2023-03-21 16:02:46.439949
16,2023-03-21 16:43:31.846893
19,2023-03-21 16:43:45.880305
17,2023-03-21 16:44:00.080016
14,2023-03-21 16:44:13.825501
21,2023-03-21 16:44:27.831879
21,2023-03-21 16:44:41.559137
16,2023-03-21 16:44:55.340200
18,2023-03-21 16:45:09.152000
19,2023-03-21 16:45:22.897667
17,2023-03-21 16:45:36.809236
20,2023-03-21 16:45:49.263677
16,2023-03-21 17:27:02.478223
19,2023-03-21 17:27:42.638075
17,2023-03-21 17:28:23.397154
12,2023-03-21 17:29:01.094936
13,2023-03-21 17:29:41.607117
19,2023-03-21 17:30:20.605322
18,2023-03-21 17:30:58.610277
22,2023-03-21 17:31:39.467193
20,2023-03-21 17:31:56.268038
23,2023-03-21 17:32:10.722988
14,2023-03-21 17:32:22.921399
